<?xml version="1.0"?>
<EmployeeList>
<Employee empno="7369">
<ename>SMITH</ename>
<job>CLERK</job>
<mgr>7902</mgr>
<hiredate>17-DEC-80</hiredate>
<sal>1100</sal>
<comm>200</comm>
<deptno>20</deptno>
</Employee>
<Employee empno="7499">
<ename>ALLEN</ename>
<job>SALESMAN</job>
<mgr>7698</mgr>
<hiredate>20-FEB-81</hiredate>
<sal>1600</sal>
<comm>24820</comm>
<deptno>30</deptno>
<Employee empno="7521"> 
<ename>WARD</ename>
<job>SALESMAN</job>
<mgr>7698</mgr>
<hiredate>22-FEB-81</hiredate>
<sal>1375</sal>
<comm>19700</comm>
<deptno>30</deptno>
</Employee>
</Employee>
<Employee empno="7566">
<ename>JONES</ename>
<job>MANAGER</job>
<mgr>7839</mgr>
<hiredate>02-APR-81</hiredate>
<sal>3175</sal>
<comm></comm>
<deptno>20</deptno>
</Employee>
<Employee empno="7654">
<ename>MARTIN</ename>
<job>SALESMAN</job>
<mgr>7698</mgr>
<hiredate>28-SEP-81</hiredate>
<sal>1375</sal>
<comm>20600</comm>
<deptno>30</deptno>
</Employee>
<Employee empno="7698">
<ename>BLAKE</ename>
<job>MANAGER</job>
<mgr>7839</mgr>
<hiredate>01-MAY-81</hiredate>
<sal>2850</sal>
<comm></comm>
<deptno>30</deptno>
</Employee>
<Employee empno="7782">
<ename>CLARK</ename>
<job>MANAGER</job>
<mgr>7839</mgr>
<hiredate>09-JUN-81</hiredate>
<sal>2450</sal>
<comm></comm>
<deptno>10</deptno>
</Employee>
<Employee empno="7788">
<ename>SCOTT</ename>
<job>ANALYST</job>
<mgr>7566</mgr>
<hiredate>19-APR-87</hiredate>
<sal>2000</sal>
<comm></comm>
<deptno>20</deptno>
</Employee>
<Employee empno="7839">
<ename>KING</ename>
<job>PRESIDENT</job>
<mgr></mgr>
<hiredate>17-NOV-81</hiredate>
<sal>5000</sal>
<comm></comm>
<deptno>10</deptno>
</Employee>
<Employee empno="7844">
<ename>TURNER</ename>
<job>SALESMAN</job>
<mgr>7698</mgr>
<hiredate>08-SEP-81</hiredate>
<sal>1650</sal>
<comm>23000</comm>
<deptno>30</deptno>
</Employee>
<Employee empno="876">
<ename>ADAMS</ename>
<job>CLERK</job>
<mgr>7788</mgr>
<hiredate>23-MAY-87</hiredate>
<sal>1430</sal>
<comm>200</comm>
<deptno>20</deptno>
</Employee>
<Employee empno="7900">
<ename>JAMES</ename>
<job>CLERK</job>
<mgr>7698</mgr>
<hiredate>03-DEC-81</hiredate>
<sal>1045</sal>
<comm>200</comm>
<deptno>30</deptno>
</Employee>
<Employee empno="7902">
<ename>FORD</ename>
<job>ANALYST</job>
<mgr>7566</mgr>
<hiredate>03-DEC-81</hiredate>
<sal>3200</sal>
<comm></comm>
<deptno>20</deptno>
</Employee>
<Employee empno="7934">
<ename>MILLER</ename>
<job>CLERK</job>
<mgr>7782</mgr>
<hiredate>23-JAN-82</hiredate>
<sal>1430</sal>
<comm>200</comm>
<deptno>10</deptno>
</Employee>
</EmployeeList>