<?xml version="1.0"?>
<EmailType xmlns:xsi="http://www.w3.org/2001/XMLSchema-instance" xsi:schemaLocation="1.2 email.xsd">
	<Email>
		<To>xyz.abc@capgemini.com</To>
		<From>manali.kadam@capgemini.com</From>
		<CC>abc.xyz@capgemini.com</CC>
		<BCC>ryan.123@capgemini.com</BCC>
		<Sub>Welcome To XML</Sub>
		<Body>XML, the eXtensibleMarkup Language, is best described as a means of structuring data.XML provides rules for placing text and other media into structures and allows you to manage and manipulate the results. The XML standard is a subset of the Standard GeneralizedMarkup Language (SGML), and was developed in 1996 by the SGML Editorial Review Board under the auspices of WorldWideWeb Consortium (W3C). XML is designed for that express purpose. XML provides a mechanism for the interchange of structured information on the web. This sort of data is required to transform the web from a publishing media to an application processing environment</Body>
	</Email>
</EmailType>